<?xml version="1.0" encoding="UTF-8"?>
<project-private xmlns="http://www.netbeans.org/ns/project-private/1">
    <editor-bookmarks xmlns="http://www.netbeans.org/ns/editor-bookmarks/2" lastBookmarkId="0"/>
    <open-files xmlns="http://www.netbeans.org/ns/projectui-open-files/2">
        <group>
            <file>file:/C:/Users/Ruize%20Zhang/Desktop/FlightSchedulerRuizeZhangRVZ5108/src/Day.java</file>
            <file>file:/C:/Users/Ruize%20Zhang/Desktop/FlightSchedulerRuizeZhangRVZ5108/src/Waitlist.java</file>
            <file>file:/C:/Users/Ruize%20Zhang/Desktop/FlightSchedulerRuizeZhangRVZ5108/src/Customer.java</file>
            <file>file:/C:/Users/Ruize%20Zhang/Desktop/FlightSchedulerRuizeZhangRVZ5108/src/Flight.java</file>
            <file>file:/C:/Users/Ruize%20Zhang/Desktop/FlightSchedulerRuizeZhangRVZ5108/src/BookingQuery.java</file>
            <file>file:/C:/Users/Ruize%20Zhang/Desktop/FlightSchedulerRuizeZhangRVZ5108/src/GUIFrame.java</file>
            <file>file:/C:/Users/Ruize%20Zhang/Desktop/FlightSchedulerRuizeZhangRVZ5108/src/BookingEntry.java</file>
        </group>
    </open-files>
</project-private>
